,nID,nVal,x,y,z,nVox,Hemisphere,System,System7,MedialLateral,AnteriorPosterior,VentralDorsal,ROI_label,ns_ROI_label
0,0,1,-35,-62,-17,309,LH,VisCent,Vis,Lateral_LH,Posterior,Ventral,Fusiform_L,Fusiform_L
1,1,2,-23,-73,-10,426,LH,VisCent,Vis,Lateral_LH,Posterior,Ventral,Fusiform_L,Fusiform_L
2,2,3,-36,-81,-16,357,LH,VisCent,Vis,Lateral_LH,Posterior,Ventral,Fusiform_L,Fusiform_L
3,3,4,-17,-86,-15,320,LH,VisCent,Vis,Medial,Posterior,Ventral,Lingual_L,Lingual_L
4,4,5,-24,-97,-12,531,LH,VisCent,Vis,Lateral_LH,Posterior,Ventral,Occipital_Inf_L,Occipital_Inf_L
5,5,6,-42,-86,-3,390,LH,VisCent,Vis,Lateral_LH,Posterior,Ventral,Occipital_Mid_L,Occipital_Mid_L
6,6,7,-7,-97,-7,516,LH,VisCent,Vis,Medial,Posterior,Ventral,Calcarine_L,Calcarine_L
7,7,8,-46,-73,6,428,LH,VisCent,Vis,Lateral_LH,Posterior,Dorsal,Occipital_Mid_L,Occipital_Mid_L
8,8,9,-24,-96,6,589,LH,VisCent,Vis,Lateral_LH,Posterior,Dorsal,Occipital_Mid_L,Occipital_Mid_L
9,9,10,-39,-84,14,568,LH,VisCent,Vis,Lateral_LH,Posterior,Dorsal,Occipital_Mid_L,Occipital_Mid_L
10,10,11,-11,-97,17,598,LH,VisCent,Vis,Medial,Posterior,Dorsal,Occipital_Sup_L,Occipital_Sup_L
11,11,12,-25,-85,22,352,LH,VisCent,Vis,Lateral_LH,Posterior,Dorsal,Occipital_Sup_L,Occipital_Sup_L
12,12,13,-25,-54,-8,401,LH,VisPeri,Vis,Lateral_LH,Posterior,Ventral,Lingual_L,Lingual_L
13,13,14,-12,-61,-5,261,LH,VisPeri,Vis,Medial,Posterior,Ventral,Lingual_L,Lingual_L
14,14,15,-7,-76,-6,308,LH,VisPeri,Vis,Medial,Posterior,Ventral,Lingual_L,Lingual_L
15,15,16,-13,-43,-5,119,LH,VisPeri,Vis,Medial,Posterior,Ventral,Lingual_L,PCC_L
16,16,17,-14,-57,1,194,LH,VisPeri,Vis,Medial,Posterior,Dorsal,Lingual_L,Lingual_L
17,17,18,-5,-88,2,417,LH,VisPeri,Vis,Medial,Posterior,Dorsal,Calcarine_L,Calcarine_L
18,18,19,-7,-74,10,459,LH,VisPeri,Vis,Medial,Posterior,Dorsal,Calcarine_L,Calcarine_L
19,19,20,-19,-64,7,246,LH,VisPeri,Vis,Medial,Posterior,Dorsal,Calcarine_L,Calcarine_L
20,20,21,-3,-84,25,467,LH,VisPeri,Vis,Medial,Posterior,Dorsal,Cuneus_L,Cuneus_L
21,21,22,-12,-71,20,292,LH,VisPeri,Vis,Medial,Posterior,Dorsal,Calcarine_L,Calcarine_L
22,22,23,-16,-89,34,322,LH,VisPeri,Vis,Medial,Posterior,Dorsal,Occipital_Sup_L,Occipital_Sup_L
23,23,24,-12,-81,36,250,LH,VisPeri,Vis,Medial,Posterior,Dorsal,Cuneus_L,Cuneus_L
24,24,25,-8,-15,47,318,LH,SomMotA,Vis,Medial,Posterior,Dorsal,Cingulum_Mid_L,Cingulum_Mid_L
25,25,26,-41,-14,48,197,LH,SomMotA,Vis,Lateral_LH,Posterior,Dorsal,Postcentral_L,Postcentral_L
26,26,27,-49,-17,54,210,LH,SomMotA,Vis,Lateral_LH,Posterior,Dorsal,Postcentral_L,Postcentral_L
27,27,28,-47,-30,58,348,LH,SomMotA,Vis,Lateral_LH,Posterior,Dorsal,Postcentral_L,Postcentral_L
28,28,29,-39,-25,53,125,LH,SomMotA,Vis,Lateral_LH,Posterior,Dorsal,Postcentral_L,Postcentral_L
29,29,30,-9,-38,54,138,LH,SomMotA,Vis,Medial,Posterior,Dorsal,Cingulum_Mid_L,Cingulum_Mid_L
30,30,31,-4,-25,56,214,LH,SomMotA,Vis,Medial,Posterior,Dorsal,Paracentral_Lobule_L,Paracentral_Lobule_L
31,31,32,-4,-9,59,277,LH,SomMotA,SomMot,Medial,Posterior,Dorsal,Supp_Motor_Area_L,Supp_Motor_Area_L
32,32,33,-35,-18,64,476,LH,SomMotA,SomMot,Lateral_LH,Posterior,Dorsal,Precentral_L,Precentral_L
33,33,34,-32,-29,62,264,LH,SomMotA,SomMot,Lateral_LH,Posterior,Dorsal,Precentral_L,Precentral_L
34,34,35,-30,-38,65,269,LH,SomMotA,SomMot,Lateral_LH,Posterior,Dorsal,Postcentral_L,Postcentral_L
35,35,36,-24,-11,65,371,LH,SomMotA,SomMot,Lateral_LH,Posterior,Dorsal,Precentral_L,Precentral_L
36,36,37,-19,-24,66,135,LH,SomMotA,SomMot,Medial,Posterior,Dorsal,Precentral_L,Precentral_L
37,37,38,-8,-42,70,282,LH,SomMotA,SomMot,Medial,Posterior,Dorsal,Precuneus_L,Precuneus_L
38,38,39,-4,-26,69,348,LH,SomMotA,SomMot,Medial,Posterior,Dorsal,Paracentral_Lobule_L,Paracentral_Lobule_L
39,39,40,-14,-11,72,223,LH,SomMotA,SomMot,Medial,Posterior,Dorsal,Precentral_L,Precentral_L
40,40,41,-18,-31,69,276,LH,SomMotA,SomMot,Medial,Posterior,Dorsal,Paracentral_Lobule_L,Paracentral_Lobule_L
41,41,42,-19,-40,72,260,LH,SomMotA,SomMot,Medial,Posterior,Dorsal,Postcentral_L,Postcentral_L
42,42,43,-12,-27,73,112,LH,SomMotA,SomMot,Medial,Posterior,Dorsal,Paracentral_Lobule_L,Paracentral_Lobule_L
43,43,44,-50,-10,0,392,LH,SomMotB,SomMot,Lateral_LH,Posterior,Ventral,Temporal_Sup_L,Temporal_Sup_L
44,44,45,-56,-21,8,490,LH,SomMotB,SomMot,Lateral_LH,Posterior,Dorsal,Temporal_Sup_L,TPJ_L
45,45,46,-36,-24,10,151,LH,SomMotB,SomMot,Lateral_LH,Posterior,Dorsal,Heschl_L,Heschl_L
46,46,47,-38,-9,13,253,LH,SomMotB,SomMot,Lateral_LH,Posterior,Dorsal,Insula_L,Insula_L
47,47,48,-36,-26,19,172,LH,SomMotB,SomMot,Lateral_LH,Posterior,Dorsal,Rolandic_Oper_L,Rolandic_Oper_L
48,48,49,-59,-37,16,305,LH,SomMotB,SomMot,Lateral_LH,Posterior,Dorsal,Temporal_Sup_L,TPJ_L
49,49,50,-41,-35,14,203,LH,SomMotB,SomMot,Lateral_LH,Posterior,Dorsal,Temporal_Sup_L,TPJ_L
50,50,51,-49,-13,14,239,LH,SomMotB,SomMot,Lateral_LH,Posterior,Dorsal,Rolandic_Oper_L,Rolandic_Oper_L
51,51,52,-60,-2,11,232,LH,SomMotB,SomMot,Lateral_LH,Posterior,Dorsal,Rolandic_Oper_L,Rolandic_Oper_L
52,52,53,-48,-24,18,208,LH,SomMotB,SomMot,Lateral_LH,Posterior,Dorsal,Rolandic_Oper_L,Rolandic_Oper_L
53,53,54,-61,-17,19,197,LH,SomMotB,SomMot,Lateral_LH,Posterior,Dorsal,Postcentral_L,Postcentral_L
54,54,55,-59,-2,24,293,LH,SomMotB,SomMot,Lateral_LH,Posterior,Dorsal,Postcentral_L,Postcentral_L
55,55,56,-62,-10,31,199,LH,SomMotB,SomMot,Lateral_LH,Posterior,Dorsal,Postcentral_L,Postcentral_L
56,56,57,-53,-9,30,193,LH,SomMotB,SomMot,Lateral_LH,Posterior,Dorsal,Precentral_L,Precentral_L
57,57,58,-51,-7,43,302,LH,SomMotB,SomMot,Lateral_LH,Posterior,Dorsal,Precentral_L,Precentral_L
58,58,59,-48,-16,40,171,LH,SomMotB,SomMot,Lateral_LH,Posterior,Dorsal,Postcentral_L,Postcentral_L
59,59,60,-45,-42,-21,363,LH,DorsAttnA,SomMot,Lateral_LH,Posterior,Ventral,Fusiform_L,Fusiform_L
60,60,61,-32,-41,-21,347,LH,DorsAttnA,SomMot,Lateral_LH,Posterior,Ventral,Fusiform_L,Fusiform_L
61,61,62,-49,-56,-16,612,LH,DorsAttnA,SomMot,Lateral_LH,Posterior,Ventral,Temporal_Inf_L,Temporal_Inf_L
62,62,63,-45,-70,-8,457,LH,DorsAttnA,SomMot,Lateral_LH,Posterior,Ventral,Occipital_Inf_L,Occipital_Inf_L
63,63,64,-48,-65,15,350,LH,DorsAttnA,SomMot,Lateral_LH,Posterior,Dorsal,Temporal_Mid_L,Temporal_Mid_L
64,64,65,-32,-84,27,221,LH,DorsAttnA,SomMot,Lateral_LH,Posterior,Dorsal,Occipital_Mid_L,Occipital_Mid_L
65,65,66,-26,-70,30,158,LH,DorsAttnA,SomMot,Lateral_LH,Posterior,Dorsal,Occipital_Mid_L,Occipital_Mid_L
66,66,67,-21,-79,45,259,LH,DorsAttnA,SomMot,Lateral_LH,Posterior,Dorsal,Parietal_Sup_L,Parietal_Sup_L
67,67,68,-23,-66,46,250,LH,DorsAttnA,SomMot,Lateral_LH,Posterior,Dorsal,Parietal_Sup_L,Parietal_Sup_L
68,68,69,-29,-58,50,158,LH,DorsAttnA,DorsAttn,Lateral_LH,Posterior,Dorsal,Parietal_Sup_L,Parietal_Sup_L
69,69,70,-36,-52,56,209,LH,DorsAttnA,DorsAttn,Lateral_LH,Posterior,Dorsal,Parietal_Inf_L,Parietal_Inf_L
70,70,71,-15,-71,57,394,LH,DorsAttnA,DorsAttn,Medial,Posterior,Dorsal,Precuneus_L,Precuneus_L
71,71,72,-28,-61,62,208,LH,DorsAttnA,DorsAttn,Lateral_LH,Posterior,Dorsal,Parietal_Sup_L,Parietal_Sup_L
72,72,73,-61,-23,33,412,LH,DorsAttnB,DorsAttn,Lateral_LH,Posterior,Dorsal,SupraMarginal_L,SupraMarginal_L
73,73,74,-55,-20,41,187,LH,DorsAttnB,DorsAttn,Lateral_LH,Posterior,Dorsal,Parietal_Inf_L,Parietal_Inf_L
74,74,75,-55,-31,44,308,LH,DorsAttnB,DorsAttn,Lateral_LH,Posterior,Dorsal,Parietal_Inf_L,Parietal_Inf_L
75,75,76,-46,-29,44,207,LH,DorsAttnB,DorsAttn,Lateral_LH,Posterior,Dorsal,Parietal_Inf_L,Parietal_Inf_L
76,76,77,-39,-38,50,285,LH,DorsAttnB,DorsAttn,Lateral_LH,Posterior,Dorsal,Parietal_Inf_L,Parietal_Inf_L
77,77,78,-30,-46,63,342,LH,DorsAttnB,DorsAttn,Lateral_LH,Posterior,Dorsal,Parietal_Sup_L,Parietal_Sup_L
78,78,79,-7,-58,63,287,LH,DorsAttnB,DorsAttn,Medial,Posterior,Dorsal,Precuneus_L,Precuneus_L
79,79,80,-20,-56,66,339,LH,DorsAttnB,DorsAttn,Lateral_LH,Posterior,Dorsal,Parietal_Sup_L,Parietal_Sup_L
80,80,81,-13,-51,72,115,LH,DorsAttnB,DorsAttn,Medial,Posterior,Dorsal,Precuneus_L,Precuneus_L
81,81,82,-40,-2,51,309,LH,DorsAttnB,DorsAttn,Lateral_LH,Posterior,Dorsal,Precentral_L,Precentral_L
82,82,83,-26,0,55,354,LH,DorsAttnB,DorsAttn,Lateral_LH,Posterior,Dorsal,Frontal_Mid_L,Frontal_Mid_L
83,83,84,-30,-8,52,187,LH,DorsAttnB,DorsAttn,Lateral_LH,Posterior,Dorsal,Precentral_L,Precentral_L
84,84,85,-50,3,38,265,LH,DorsAttnB,DorsAttn,Lateral_LH,Anterior,Dorsal,Precentral_L,Precentral_L
85,85,86,-55,-32,22,394,LH,SalVentAttnA,DorsAttn,Lateral_LH,Posterior,Dorsal,Temporal_Sup_L,TPJ_L
86,86,87,-58,-44,27,280,LH,SalVentAttnA,DorsAttn,Lateral_LH,Posterior,Dorsal,SupraMarginal_L,SupraMarginal_L
87,87,88,-61,-36,33,292,LH,SalVentAttnA,DorsAttn,Lateral_LH,Posterior,Dorsal,SupraMarginal_L,SupraMarginal_L
88,88,89,-39,2,-5,481,LH,SalVentAttnA,DorsAttn,Lateral_LH,Anterior,Ventral,Insula_L,Insula_L
89,89,90,-40,-14,-2,230,LH,SalVentAttnA,DorsAttn,Lateral_LH,Posterior,Ventral,Insula_L,Insula_L
90,90,91,-33,19,8,253,LH,SalVentAttnA,DorsAttn,Lateral_LH,Anterior,Dorsal,Insula_L,Insula_L
91,91,92,-36,4,11,137,LH,SalVentAttnA,SalVentAttn,Lateral_LH,Anterior,Dorsal,Insula_L,Insula_L
92,92,93,-50,1,4,259,LH,SalVentAttnA,SalVentAttn,Lateral_LH,Anterior,Dorsal,Rolandic_Oper_L,Rolandic_Oper_L
93,93,94,-52,9,13,324,LH,SalVentAttnA,SalVentAttn,Lateral_LH,Anterior,Dorsal,Frontal_Inf_Oper_L,Frontal_Inf_Oper_L
94,94,95,-11,-27,41,277,LH,SalVentAttnA,SalVentAttn,Medial,Posterior,Dorsal,Cingulum_Mid_L,Cingulum_Mid_L
95,95,96,-13,-41,47,171,LH,SalVentAttnA,SalVentAttn,Medial,Posterior,Dorsal,Cingulum_Mid_L,Cingulum_Mid_L
96,96,97,-6,-49,57,258,LH,SalVentAttnA,SalVentAttn,Medial,Posterior,Dorsal,Precuneus_L,Precuneus_L
97,97,98,-6,1,41,397,LH,SalVentAttnA,SalVentAttn,Medial,Anterior,Dorsal,Cingulum_Mid_L,Cingulum_Mid_L
98,98,99,-5,9,48,383,LH,SalVentAttnA,SalVentAttn,Medial,Anterior,Dorsal,Supp_Motor_Area_L,Supp_Motor_Area_L
99,99,100,-8,-3,71,206,LH,SalVentAttnA,SalVentAttn,Medial,Posterior,Dorsal,Supp_Motor_Area_L,Supp_Motor_Area_L
100,100,101,-38,49,11,480,LH,SalVentAttnB,SalVentAttn,Lateral_LH,Anterior,Dorsal,Frontal_Mid_L,Frontal_Mid_L
101,101,102,-29,43,30,629,LH,SalVentAttnB,SalVentAttn,Lateral_LH,Anterior,Dorsal,Frontal_Mid_L,Frontal_Mid_L
102,102,103,-36,32,39,398,LH,SalVentAttnB,SalVentAttn,Lateral_LH,Anterior,Dorsal,Frontal_Mid_L,Frontal_Mid_L
103,103,104,-33,16,-8,158,LH,SalVentAttnB,SalVentAttn,Lateral_LH,Anterior,Ventral,Insula_L,Insula_L
104,104,105,-33,25,-1,207,LH,SalVentAttnB,SalVentAttn,Lateral_LH,Anterior,Ventral,Insula_L,Insula_L
105,105,106,-43,12,2,163,LH,SalVentAttnB,SalVentAttn,Lateral_LH,Anterior,Dorsal,Insula_L,Insula_L
106,106,107,-27,49,-14,346,LH,SalVentAttnB,SalVentAttn,Lateral_LH,Anterior,Ventral,Frontal_Mid_Orb_L,Frontal_Mid_Orb_L
107,107,108,-6,22,31,389,LH,SalVentAttnB,SalVentAttn,Medial,Anterior,Dorsal,Cingulum_Mid_L,Cingulum_Mid_L
108,108,109,-12,24,-20,302,LH,Limbic,SalVentAttn,Medial,Anterior,Ventral,Frontal_Sup_Orb_L,Frontal_Sup_Orb_L
109,109,110,-24,22,-20,519,LH,Limbic,SalVentAttn,Lateral_LH,Anterior,Ventral,Frontal_Inf_Orb_L,Frontal_Inf_Orb_L
110,110,111,-11,47,-21,623,LH,Limbic,SalVentAttn,Medial,Anterior,Ventral,Frontal_Sup_Orb_L,Frontal_Sup_Orb_L
111,111,112,-4,23,-19,405,LH,Limbic,SalVentAttn,Medial,Anterior,Ventral,Rectus_L,Rectus_L
112,112,113,-15,64,-8,455,LH,Limbic,SalVentAttn,Medial,Anterior,Ventral,Frontal_Sup_Orb_L,Frontal_Sup_Orb_L
113,113,114,-37,-5,-42,604,LH,Limbic,Limbic,Lateral_LH,Posterior,Ventral,Temporal_Inf_L,Temporal_Inf_L
114,114,115,-25,6,-38,399,LH,Limbic,Limbic,Lateral_LH,Anterior,Ventral,Temporal_Pole_Mid_L,Temporal_Pole_Mid_L
115,115,116,-26,-9,-33,326,LH,Limbic,Limbic,Lateral_LH,Posterior,Ventral,ParaHippocampal_L,ParaHippocampal_L
116,116,117,-54,-21,-31,465,LH,Limbic,Limbic,Lateral_LH,Posterior,Ventral,Temporal_Inf_L,Temporal_Inf_L
117,117,118,-40,-22,-27,396,LH,Limbic,Limbic,Lateral_LH,Posterior,Ventral,Temporal_Inf_L,Temporal_Inf_L
118,118,119,-31,11,-29,431,LH,Limbic,Limbic,Lateral_LH,Anterior,Ventral,Temporal_Pole_Sup_L,Temporal_Pole_Sup_L
119,119,120,-44,5,-16,268,LH,Limbic,Limbic,Lateral_LH,Anterior,Ventral,Temporal_Pole_Sup_L,Temporal_Pole_Sup_L
120,120,121,-55,-62,-1,565,LH,ContA,Limbic,Lateral_LH,Posterior,Ventral,Temporal_Mid_L,Temporal_Mid_L
121,121,122,-29,-74,42,275,LH,ContA,Limbic,Lateral_LH,Posterior,Dorsal,Parietal_Inf_L,Parietal_Inf_L
122,122,123,-58,-42,46,199,LH,ContA,Limbic,Lateral_LH,Posterior,Dorsal,Parietal_Inf_L,Parietal_Inf_L
123,123,124,-34,-62,48,338,LH,ContA,Limbic,Lateral_LH,Posterior,Dorsal,Parietal_Inf_L,Parietal_Inf_L
124,124,125,-45,-41,47,335,LH,ContA,Limbic,Lateral_LH,Posterior,Dorsal,Parietal_Inf_L,Parietal_Inf_L
125,125,126,-33,-46,41,255,LH,ContA,Limbic,Lateral_LH,Posterior,Dorsal,Parietal_Inf_L,Parietal_Inf_L
126,126,127,-21,5,64,461,LH,ContA,Cont,Lateral_LH,Anterior,Dorsal,Frontal_Sup_L,Frontal_Sup_L
127,127,128,-48,35,10,379,LH,ContA,Cont,Lateral_LH,Anterior,Dorsal,Frontal_Inf_Tri_L,Frontal_Inf_Tri_L
128,128,129,-42,38,22,553,LH,ContA,Cont,Lateral_LH,Anterior,Dorsal,Frontal_Mid_L,Frontal_Mid_L
129,129,130,-49,6,26,304,LH,ContA,Cont,Lateral_LH,Anterior,Dorsal,Precentral_L,Precentral_L
130,130,131,-44,20,27,732,LH,ContA,Cont,Lateral_LH,Anterior,Dorsal,Frontal_Inf_Tri_L,Frontal_Inf_Tri_L
131,131,132,-39,7,33,242,LH,ContA,Cont,Lateral_LH,Anterior,Dorsal,Precentral_L,Precentral_L
132,132,133,-3,6,29,146,LH,ContA,Cont,Medial,Anterior,Dorsal,Cingulum_Ant_L,Cingulum_Ant_L
133,133,134,-60,-36,-18,542,LH,ContB,Cont,Lateral_LH,Posterior,Ventral,Temporal_Inf_L,Temporal_Inf_L
134,134,135,-60,-49,-10,392,LH,ContB,Cont,Lateral_LH,Posterior,Ventral,Temporal_Mid_L,Temporal_Mid_L
135,135,136,-49,-60,47,304,LH,ContB,Cont,Lateral_LH,Posterior,Dorsal,Parietal_Inf_L,Parietal_Inf_L
136,136,137,-53,-50,45,312,LH,ContB,Cont,Lateral_LH,Posterior,Dorsal,Parietal_Inf_L,Parietal_Inf_L
137,137,138,-42,-52,49,156,LH,ContB,Cont,Lateral_LH,Posterior,Dorsal,Parietal_Inf_L,Parietal_Inf_L
138,138,139,-30,14,57,283,LH,ContB,Cont,Lateral_LH,Anterior,Dorsal,Frontal_Mid_L,Frontal_Mid_L
139,139,140,-42,49,-7,559,LH,ContB,Cont,Lateral_LH,Anterior,Ventral,Frontal_Mid_Orb_L,Frontal_Mid_Orb_L
140,140,141,-28,58,-1,314,LH,ContB,Cont,Lateral_LH,Anterior,Ventral,Frontal_Sup_L,Frontal_Sup_L
141,141,142,-28,57,13,395,LH,ContB,Cont,Lateral_LH,Anterior,Dorsal,Frontal_Mid_L,Frontal_Mid_L
142,142,143,-4,28,47,456,LH,ContB,Cont,Medial,Anterior,Dorsal,Frontal_Sup_Medial_L,Frontal_Sup_Medial_L
143,143,144,-10,-70,32,248,LH,ContC,Cont,Medial,Posterior,Dorsal,Precuneus_L,Precuneus_L
144,144,145,-9,-77,45,272,LH,ContC,Cont,Medial,Posterior,Dorsal,Precuneus_L,Precuneus_L
145,145,146,-5,-64,52,270,LH,ContC,Cont,Medial,Posterior,Dorsal,Precuneus_L,Precuneus_L
146,146,147,-6,-41,23,89,LH,ContC,Cont,Medial,Posterior,Dorsal,Cingulum_Post_L,PCC_L
147,147,148,-4,-22,29,125,LH,ContC,Cont,Medial,Posterior,Dorsal,Cingulum_Mid_L,Uncertain
148,148,149,-47,-64,31,454,LH,DefaultA,Default,Lateral_LH,Posterior,Dorsal,Angular_L,Angular_L
149,149,150,-41,-72,43,447,LH,DefaultA,Default,Lateral_LH,Posterior,Dorsal,Angular_L,Angular_L
150,150,151,-25,28,43,274,LH,DefaultA,Default,Lateral_LH,Anterior,Dorsal,Frontal_Mid_L,Frontal_Mid_L
151,151,152,-18,36,48,258,LH,DefaultA,Default,Medial,Anterior,Dorsal,Frontal_Sup_L,Frontal_Sup_L
152,152,153,-22,19,52,256,LH,DefaultA,Default,Lateral_LH,Anterior,Dorsal,Frontal_Mid_L,Frontal_Mid_L
153,153,154,-4,-53,20,223,LH,DefaultA,Default,Medial,Posterior,Dorsal,Precuneus_L,PCC_L
154,154,155,-5,-60,30,361,LH,DefaultA,Default,Medial,Posterior,Dorsal,Precuneus_L,PCC_L
155,155,156,-7,-44,32,248,LH,DefaultA,Default,Medial,Posterior,Dorsal,Cingulum_Mid_L,PCC_L
156,156,157,-4,-34,38,232,LH,DefaultA,Default,Medial,Posterior,Dorsal,Cingulum_Mid_L,PCC_L
157,157,158,-3,-16,37,205,LH,DefaultA,Default,Medial,Posterior,Dorsal,Cingulum_Mid_L,Cingulum_Mid_L
158,158,159,-3,-68,41,144,LH,DefaultA,Default,Medial,Posterior,Dorsal,Precuneus_L,Precuneus_L
159,159,160,-7,-51,43,391,LH,DefaultA,Default,Medial,Posterior,Dorsal,Precuneus_L,Precuneus_L
160,160,161,-5,55,-10,366,LH,DefaultA,Default,Medial,Anterior,Ventral,Frontal_Med_Orb_L,vmPFC_L
161,161,162,-6,35,-9,464,LH,DefaultA,Default,Medial,Anterior,Ventral,Cingulum_Ant_L,vmPFC_L
162,162,163,-6,59,6,254,LH,DefaultA,Default,Medial,Anterior,Dorsal,Frontal_Sup_Medial_L,dmPFC_L
163,163,164,-6,45,6,516,LH,DefaultA,Default,Medial,Anterior,Dorsal,Cingulum_Ant_L,dmPFC_L
164,164,165,-16,67,8,333,LH,DefaultA,Default,Medial,Anterior,Dorsal,Frontal_Sup_L,Frontal_Sup_L
165,165,166,-5,34,20,454,LH,DefaultA,Default,Medial,Anterior,Dorsal,Cingulum_Ant_L,dmPFC_L
166,166,167,-43,13,-33,771,LH,DefaultB,Default,Lateral_LH,Anterior,Ventral,Temporal_Pole_Mid_L,Temporal_Pole_Mid_L
167,167,168,-54,-2,-29,545,LH,DefaultB,Default,Lateral_LH,Posterior,Ventral,Temporal_Mid_L,Temporal_Mid_L
168,168,169,-62,-18,-20,438,LH,DefaultB,Default,Lateral_LH,Posterior,Ventral,Temporal_Mid_L,Temporal_Mid_L
169,169,170,-57,-9,-14,507,LH,DefaultB,Default,Lateral_LH,Posterior,Ventral,Temporal_Mid_L,Temporal_Mid_L
170,170,171,-61,-35,-3,516,LH,DefaultB,Default,Lateral_LH,Posterior,Ventral,Temporal_Mid_L,Temporal_Mid_L
171,171,172,-52,-23,-5,239,LH,DefaultB,Default,Lateral_LH,Posterior,Ventral,Temporal_Mid_L,Temporal_Mid_L
172,172,173,-46,-59,21,303,LH,DefaultB,Default,Lateral_LH,Posterior,Dorsal,Temporal_Mid_L,TPJ_L
173,173,174,-57,-55,30,373,LH,DefaultB,Default,Lateral_LH,Posterior,Dorsal,SupraMarginal_L,SupraMarginal_L
174,174,175,-4,51,28,816,LH,DefaultB,Default,Medial,Anterior,Dorsal,Frontal_Sup_Medial_L,dmPFC_L
175,175,176,-14,57,31,471,LH,DefaultB,Default,Medial,Anterior,Dorsal,Frontal_Sup_L,dmPFC_L
176,176,177,-22,50,31,433,LH,DefaultB,Default,Lateral_LH,Anterior,Dorsal,Frontal_Mid_L,Frontal_Mid_L
177,177,178,-8,43,51,231,LH,DefaultB,Default,Medial,Anterior,Dorsal,Frontal_Sup_Medial_L,dmPFC_L
178,178,179,-13,24,61,382,LH,DefaultB,Default,Medial,Anterior,Dorsal,Frontal_Sup_L,Frontal_Sup_L
179,179,180,-7,10,64,417,LH,DefaultB,Default,Medial,Anterior,Dorsal,Supp_Motor_Area_L,Supp_Motor_Area_L
180,180,181,-41,19,48,528,LH,DefaultB,Default,Lateral_LH,Anterior,Dorsal,Frontal_Mid_L,Frontal_Mid_L
181,181,182,-42,7,49,412,LH,DefaultB,Default,Lateral_LH,Anterior,Dorsal,Precentral_L,Precentral_L
182,182,183,-36,22,-15,421,LH,DefaultB,Default,Lateral_LH,Anterior,Ventral,Frontal_Inf_Orb_L,Frontal_Inf_Orb_L
183,183,184,-36,37,-13,231,LH,DefaultB,Default,Lateral_LH,Anterior,Ventral,Frontal_Inf_Orb_L,Frontal_Inf_Orb_L
184,184,185,-46,32,-10,319,LH,DefaultB,Default,Lateral_LH,Anterior,Ventral,Frontal_Inf_Orb_L,Frontal_Inf_Orb_L
185,185,186,-48,28,0,378,LH,DefaultB,Default,Lateral_LH,Anterior,Ventral,Frontal_Inf_Tri_L,Frontal_Inf_Tri_L
186,186,187,-53,19,11,510,LH,DefaultB,Default,Lateral_LH,Anterior,Dorsal,Frontal_Inf_Tri_L,Frontal_Inf_Tri_L
187,187,188,-40,-79,30,455,LH,DefaultC,Default,Lateral_LH,Posterior,Dorsal,Occipital_Mid_L,Occipital_Mid_L
188,188,189,-14,-49,4,120,LH,DefaultC,Default,Medial,Posterior,Dorsal,Calcarine_L,PCC_L
189,189,190,-8,-52,9,166,LH,DefaultC,Default,Medial,Posterior,Dorsal,Precuneus_L,PCC_L
190,190,191,-13,-61,19,273,LH,DefaultC,Default,Medial,Posterior,Dorsal,Calcarine_L,Calcarine_L
191,191,192,-21,-21,-26,203,LH,DefaultC,Default,Lateral_LH,Posterior,Ventral,ParaHippocampal_L,ParaHippocampal_L
192,192,193,-30,-33,-18,425,LH,DefaultC,Default,Lateral_LH,Posterior,Ventral,Fusiform_L,Fusiform_L
193,193,194,-19,-37,-12,183,LH,DefaultC,Default,Medial,Posterior,Ventral,ParaHippocampal_L,ParaHippocampal_L
194,194,195,-53,6,-12,431,LH,TempPar,Default,Lateral_LH,Anterior,Ventral,Temporal_Pole_Sup_L,Temporal_Pole_Sup_L
195,195,196,-61,-13,-3,227,LH,TempPar,Default,Lateral_LH,Posterior,Ventral,Temporal_Mid_L,Temporal_Mid_L
196,196,197,-62,-32,5,320,LH,TempPar,Default,Lateral_LH,Posterior,Dorsal,Temporal_Mid_L,TPJ_L
197,197,198,-52,-43,5,249,LH,TempPar,Default,Lateral_LH,Posterior,Dorsal,Temporal_Mid_L,TPJ_L
198,198,199,-57,-54,10,362,LH,TempPar,Default,Lateral_LH,Posterior,Dorsal,Temporal_Mid_L,TPJ_L
199,199,200,-59,-49,16,254,LH,TempPar,Default,Lateral_LH,Posterior,Dorsal,Temporal_Sup_L,TPJ_L
200,200,201,35,-54,-17,355,RH,VisCent,Vis,Lateral_RH,Posterior,Ventral,Fusiform_R,Fusiform_R
201,201,202,37,-73,-15,386,RH,VisCent,Vis,Lateral_RH,Posterior,Ventral,Fusiform_R,Fusiform_R
202,202,203,23,-74,-11,530,RH,VisCent,Vis,Lateral_RH,Posterior,Ventral,Fusiform_R,Fusiform_R
203,203,204,19,-88,-12,279,RH,VisCent,Vis,Medial,Posterior,Ventral,Lingual_R,Lingual_R
204,204,205,42,-84,-12,257,RH,VisCent,Vis,Lateral_RH,Posterior,Ventral,Occipital_Inf_R,Occipital_Inf_R
205,205,206,25,-97,-10,418,RH,VisCent,Vis,Lateral_RH,Posterior,Ventral,Occipital_Inf_R,Occipital_Inf_R
206,206,207,8,-92,-2,719,RH,VisCent,Vis,Medial,Posterior,Ventral,Calcarine_R,Calcarine_R
207,207,208,35,-89,2,381,RH,VisCent,Vis,Lateral_RH,Posterior,Dorsal,Occipital_Mid_R,Occipital_Mid_R
208,208,209,24,-99,7,312,RH,VisCent,Vis,Lateral_RH,Posterior,Dorsal,Occipital_Mid_R,Occipital_Mid_R
209,209,210,44,-79,10,565,RH,VisCent,Vis,Lateral_RH,Posterior,Dorsal,Occipital_Mid_R,Occipital_Mid_R
210,210,211,13,-94,19,469,RH,VisCent,Vis,Medial,Posterior,Dorsal,Cuneus_R,Cuneus_R
211,211,212,27,-87,21,474,RH,VisCent,Vis,Lateral_RH,Posterior,Dorsal,Occipital_Mid_R,Occipital_Mid_R
212,212,213,26,-52,-9,453,RH,VisPeri,Vis,Lateral_RH,Posterior,Ventral,Lingual_R,Lingual_R
213,213,214,18,-36,-12,136,RH,VisPeri,Vis,Medial,Posterior,Ventral,Lingual_R,Lingual_R
214,214,215,9,-72,-5,328,RH,VisPeri,Vis,Medial,Posterior,Ventral,Lingual_R,Lingual_R
215,215,216,13,-57,-3,348,RH,VisPeri,Vis,Medial,Posterior,Ventral,Lingual_R,Lingual_R
216,216,217,18,-45,-3,217,RH,VisPeri,Vis,Medial,Posterior,Ventral,Lingual_R,Lingual_R
217,217,218,9,-73,8,631,RH,VisPeri,Vis,Medial,Posterior,Dorsal,Calcarine_R,Calcarine_R
218,218,219,22,-60,6,314,RH,VisPeri,Vis,Lateral_RH,Posterior,Dorsal,Calcarine_R,Calcarine_R
219,219,220,16,-66,19,325,RH,VisPeri,Vis,Medial,Posterior,Dorsal,Calcarine_R,Calcarine_R
220,220,221,5,-80,23,300,RH,VisPeri,Vis,Medial,Posterior,Dorsal,Cuneus_R,Cuneus_R
221,221,222,14,-77,34,357,RH,VisPeri,Vis,Medial,Posterior,Dorsal,Cuneus_R,Cuneus_R
222,222,223,16,-87,37,429,RH,VisPeri,Vis,Medial,Posterior,Dorsal,Occipital_Sup_R,Occipital_Sup_R
223,223,224,55,-17,40,140,RH,SomMotA,Vis,Lateral_RH,Posterior,Dorsal,Postcentral_R,Postcentral_R
224,224,225,52,-13,49,185,RH,SomMotA,Vis,Lateral_RH,Posterior,Dorsal,Precentral_R,Precentral_R
225,225,226,44,-11,48,234,RH,SomMotA,Vis,Lateral_RH,Posterior,Dorsal,Precentral_R,Precentral_R
226,226,227,49,-26,56,315,RH,SomMotA,Vis,Lateral_RH,Posterior,Dorsal,Postcentral_R,Postcentral_R
227,227,228,7,-10,51,384,RH,SomMotA,Vis,Medial,Posterior,Dorsal,Supp_Motor_Area_R,Supp_Motor_Area_R
228,228,229,42,-21,55,183,RH,SomMotA,Vis,Lateral_RH,Posterior,Dorsal,Postcentral_R,Postcentral_R
229,229,230,36,-18,63,371,RH,SomMotA,Vis,Lateral_RH,Posterior,Dorsal,Precentral_R,Precentral_R
230,230,231,32,-34,63,169,RH,SomMotA,SomMot,Lateral_RH,Posterior,Dorsal,Postcentral_R,Postcentral_R
231,231,232,31,-41,64,235,RH,SomMotA,SomMot,Lateral_RH,Posterior,Dorsal,Postcentral_R,Postcentral_R
232,232,233,34,-27,61,193,RH,SomMotA,SomMot,Lateral_RH,Posterior,Dorsal,Precentral_R,Precentral_R
233,233,234,4,-25,58,272,RH,SomMotA,SomMot,Medial,Posterior,Dorsal,Supp_Motor_Area_R,Supp_Motor_Area_R
234,234,235,29,-11,65,250,RH,SomMotA,SomMot,Lateral_RH,Posterior,Dorsal,Frontal_Sup_R,Frontal_Sup_R
235,235,236,9,-40,68,260,RH,SomMotA,SomMot,Medial,Posterior,Dorsal,Paracentral_Lobule_R,Paracentral_Lobule_R
236,236,237,21,-24,66,131,RH,SomMotA,SomMot,Lateral_RH,Posterior,Dorsal,Precentral_R,Precentral_R
237,237,238,22,-29,68,138,RH,SomMotA,SomMot,Lateral_RH,Posterior,Dorsal,Precentral_R,Precentral_R
238,238,239,22,-35,70,154,RH,SomMotA,SomMot,Lateral_RH,Posterior,Dorsal,Postcentral_R,Postcentral_R
239,239,240,17,-6,70,221,RH,SomMotA,SomMot,Medial,Posterior,Dorsal,Supp_Motor_Area_R,Supp_Motor_Area_R
240,240,241,5,-22,72,263,RH,SomMotA,SomMot,Medial,Posterior,Dorsal,Paracentral_Lobule_R,Paracentral_Lobule_R
241,241,242,16,-18,73,285,RH,SomMotA,SomMot,Medial,Posterior,Dorsal,Precentral_R,Precentral_R
242,242,243,13,-33,76,148,RH,SomMotA,SomMot,Medial,Posterior,Dorsal,Postcentral_R,Postcentral_R
243,243,244,53,3,-6,482,RH,SomMotB,SomMot,Lateral_RH,Anterior,Ventral,Temporal_Pole_Sup_R,Temporal_Pole_Sup_R
244,244,245,54,-14,6,425,RH,SomMotB,SomMot,Lateral_RH,Posterior,Dorsal,Temporal_Sup_R,TPJ_R
245,245,246,40,-18,5,157,RH,SomMotB,SomMot,Lateral_RH,Posterior,Dorsal,Insula_R,Insula_R
246,246,247,38,-8,14,119,RH,SomMotB,SomMot,Lateral_RH,Posterior,Dorsal,Insula_R,Insula_R
247,247,248,35,-22,14,104,RH,SomMotB,SomMot,Lateral_RH,Posterior,Dorsal,Insula_R,Insula_R
248,248,249,60,-24,11,323,RH,SomMotB,SomMot,Lateral_RH,Posterior,Dorsal,Temporal_Sup_R,TPJ_R
249,249,250,41,-13,18,114,RH,SomMotB,SomMot,Lateral_RH,Posterior,Dorsal,Rolandic_Oper_R,Rolandic_Oper_R
250,250,251,41,-29,18,246,RH,SomMotB,SomMot,Lateral_RH,Posterior,Dorsal,Rolandic_Oper_R,Rolandic_Oper_R
251,251,252,50,-10,13,143,RH,SomMotB,SomMot,Lateral_RH,Posterior,Dorsal,Rolandic_Oper_R,Rolandic_Oper_R
252,252,253,59,1,10,259,RH,SomMotB,SomMot,Lateral_RH,Anterior,Dorsal,Rolandic_Oper_R,Rolandic_Oper_R
253,253,254,49,-21,19,160,RH,SomMotB,SomMot,Lateral_RH,Posterior,Dorsal,Rolandic_Oper_R,Rolandic_Oper_R
254,254,255,62,-12,15,172,RH,SomMotB,SomMot,Lateral_RH,Posterior,Dorsal,Postcentral_R,Postcentral_R
255,255,256,61,6,29,155,RH,SomMotB,SomMot,Lateral_RH,Anterior,Dorsal,Precentral_R,Precentral_R
256,256,257,59,-5,27,464,RH,SomMotB,SomMot,Lateral_RH,Posterior,Dorsal,Postcentral_R,Postcentral_R
257,257,258,52,-6,37,248,RH,SomMotB,SomMot,Lateral_RH,Posterior,Dorsal,Precentral_R,Precentral_R
258,258,259,34,-37,-23,363,RH,DorsAttnA,SomMot,Lateral_RH,Posterior,Ventral,Fusiform_R,Fusiform_R
259,259,260,50,-49,-18,738,RH,DorsAttnA,SomMot,Lateral_RH,Posterior,Ventral,Temporal_Inf_R,Temporal_Inf_R
260,260,261,50,-65,-9,579,RH,DorsAttnA,SomMot,Lateral_RH,Posterior,Ventral,Temporal_Inf_R,Temporal_Inf_R
261,261,262,49,-66,4,625,RH,DorsAttnA,SomMot,Lateral_RH,Posterior,Dorsal,Temporal_Mid_R,Temporal_Mid_R
262,262,263,54,-56,12,346,RH,DorsAttnA,SomMot,Lateral_RH,Posterior,Dorsal,Temporal_Mid_R,TPJ_R
263,263,264,36,-79,24,304,RH,DorsAttnA,SomMot,Lateral_RH,Posterior,Dorsal,Occipital_Mid_R,Occipital_Mid_R
264,264,265,29,-78,37,321,RH,DorsAttnA,SomMot,Lateral_RH,Posterior,Dorsal,Occipital_Sup_R,Occipital_Sup_R
265,265,266,32,-67,35,268,RH,DorsAttnA,SomMot,Lateral_RH,Posterior,Dorsal,Occipital_Mid_R,Occipital_Mid_R
266,266,267,19,-79,50,137,RH,DorsAttnA,SomMot,Medial,Posterior,Dorsal,Parietal_Sup_R,Parietal_Sup_R
267,267,268,31,-64,53,211,RH,DorsAttnA,SomMot,Lateral_RH,Posterior,Dorsal,Parietal_Sup_R,Parietal_Sup_R
268,268,269,21,-69,53,368,RH,DorsAttnA,SomMot,Lateral_RH,Posterior,Dorsal,Parietal_Sup_R,Parietal_Sup_R
269,269,270,34,-51,54,385,RH,DorsAttnA,SomMot,Lateral_RH,Posterior,Dorsal,Parietal_Inf_R,Parietal_Inf_R
270,270,271,27,-58,61,396,RH,DorsAttnA,DorsAttn,Lateral_RH,Posterior,Dorsal,Parietal_Sup_R,Parietal_Sup_R
271,271,272,13,-64,65,258,RH,DorsAttnA,DorsAttn,Medial,Posterior,Dorsal,Parietal_Sup_R,Parietal_Sup_R
272,272,273,59,-55,-3,333,RH,DorsAttnB,DorsAttn,Lateral_RH,Posterior,Ventral,Temporal_Mid_R,Temporal_Mid_R
273,273,274,61,-14,30,242,RH,DorsAttnB,DorsAttn,Lateral_RH,Posterior,Dorsal,Postcentral_R,Postcentral_R
274,274,275,57,-22,44,161,RH,DorsAttnB,DorsAttn,Lateral_RH,Posterior,Dorsal,Postcentral_R,Postcentral_R
275,275,276,44,-38,50,229,RH,DorsAttnB,DorsAttn,Lateral_RH,Posterior,Dorsal,Parietal_Inf_R,Parietal_Inf_R
276,276,277,45,-28,43,212,RH,DorsAttnB,DorsAttn,Lateral_RH,Posterior,Dorsal,Postcentral_R,Postcentral_R
277,277,278,36,-36,52,221,RH,DorsAttnB,DorsAttn,Lateral_RH,Posterior,Dorsal,Postcentral_R,Postcentral_R
278,278,279,7,-54,60,498,RH,DorsAttnB,DorsAttn,Medial,Posterior,Dorsal,Precuneus_R,Precuneus_R
279,279,280,24,-50,68,365,RH,DorsAttnB,DorsAttn,Lateral_RH,Posterior,Dorsal,Parietal_Sup_R,Parietal_Sup_R
280,280,281,16,-47,74,252,RH,DorsAttnB,DorsAttn,Medial,Posterior,Dorsal,Postcentral_R,Postcentral_R
281,281,282,39,-3,53,304,RH,DorsAttnB,DorsAttn,Lateral_RH,Posterior,Dorsal,Frontal_Mid_R,Frontal_Mid_R
282,282,283,28,-4,52,304,RH,DorsAttnB,DorsAttn,Lateral_RH,Posterior,Dorsal,Frontal_Mid_R,Frontal_Mid_R
283,283,284,25,-3,64,160,RH,DorsAttnB,DorsAttn,Lateral_RH,Posterior,Dorsal,Frontal_Sup_R,Frontal_Sup_R
284,284,285,58,-31,24,347,RH,SalVentAttnA,DorsAttn,Lateral_RH,Posterior,Dorsal,SupraMarginal_R,SupraMarginal_R
285,285,286,60,-22,22,305,RH,SalVentAttnA,DorsAttn,Lateral_RH,Posterior,Dorsal,SupraMarginal_R,SupraMarginal_R
286,286,287,63,-26,38,308,RH,SalVentAttnA,DorsAttn,Lateral_RH,Posterior,Dorsal,SupraMarginal_R,SupraMarginal_R
287,287,288,51,3,41,328,RH,SalVentAttnA,DorsAttn,Lateral_RH,Anterior,Dorsal,Precentral_R,Precentral_R
288,288,289,41,5,-16,301,RH,SalVentAttnA,DorsAttn,Lateral_RH,Anterior,Ventral,Temporal_Pole_Sup_R,Uncertain
289,289,290,41,9,-3,258,RH,SalVentAttnA,DorsAttn,Lateral_RH,Anterior,Ventral,Insula_R,Insula_R
290,290,291,40,-11,-4,261,RH,SalVentAttnA,DorsAttn,Lateral_RH,Posterior,Ventral,Insula_R,Insula_R
291,291,292,39,-2,6,173,RH,SalVentAttnA,DorsAttn,Lateral_RH,Posterior,Dorsal,Insula_R,Insula_R
292,292,293,38,7,10,152,RH,SalVentAttnA,DorsAttn,Lateral_RH,Anterior,Dorsal,Insula_R,Insula_R
293,293,294,49,5,4,309,RH,SalVentAttnA,SalVentAttn,Lateral_RH,Anterior,Dorsal,Rolandic_Oper_R,Rolandic_Oper_R
294,294,295,54,12,12,308,RH,SalVentAttnA,SalVentAttn,Lateral_RH,Anterior,Dorsal,Frontal_Inf_Oper_R,Frontal_Inf_Oper_R
295,295,296,8,2,43,437,RH,SalVentAttnA,SalVentAttn,Medial,Anterior,Dorsal,Cingulum_Mid_R,Cingulum_Mid_R
296,296,297,11,-17,41,168,RH,SalVentAttnA,SalVentAttn,Medial,Posterior,Dorsal,Cingulum_Mid_R,Cingulum_Mid_R
297,297,298,11,-34,43,255,RH,SalVentAttnA,SalVentAttn,Medial,Posterior,Dorsal,Cingulum_Mid_R,Cingulum_Mid_R
298,298,299,6,11,57,205,RH,SalVentAttnA,SalVentAttn,Medial,Anterior,Dorsal,Supp_Motor_Area_R,Supp_Motor_Area_R
299,299,300,10,-43,53,159,RH,SalVentAttnA,SalVentAttn,Medial,Posterior,Dorsal,Precuneus_R,Precuneus_R
300,300,301,11,-32,51,190,RH,SalVentAttnA,SalVentAttn,Medial,Posterior,Dorsal,Paracentral_Lobule_R,Paracentral_Lobule_R
301,301,302,7,-2,67,307,RH,SalVentAttnA,SalVentAttn,Medial,Posterior,Dorsal,Supp_Motor_Area_R,Supp_Motor_Area_R
302,302,303,16,7,69,160,RH,SalVentAttnA,SalVentAttn,Medial,Anterior,Dorsal,Frontal_Sup_R,Frontal_Sup_R
303,303,304,62,-37,37,350,RH,SalVentAttnB,SalVentAttn,Lateral_RH,Posterior,Dorsal,SupraMarginal_R,SupraMarginal_R
304,304,305,49,40,5,282,RH,SalVentAttnB,SalVentAttn,Lateral_RH,Anterior,Dorsal,Frontal_Inf_Tri_R,Frontal_Inf_Tri_R
305,305,306,42,46,14,646,RH,SalVentAttnB,SalVentAttn,Lateral_RH,Anterior,Dorsal,Frontal_Mid_R,Frontal_Mid_R
306,306,307,25,54,25,403,RH,SalVentAttnB,SalVentAttn,Lateral_RH,Anterior,Dorsal,Frontal_Mid_R,Frontal_Mid_R
307,307,308,32,45,28,647,RH,SalVentAttnB,SalVentAttn,Lateral_RH,Anterior,Dorsal,Frontal_Mid_R,Frontal_Mid_R
308,308,309,34,21,-8,212,RH,SalVentAttnB,SalVentAttn,Lateral_RH,Anterior,Ventral,Frontal_Inf_Orb_R,Frontal_Inf_Orb_R
309,309,310,37,23,5,430,RH,SalVentAttnB,SalVentAttn,Lateral_RH,Anterior,Dorsal,Insula_R,Insula_R
310,310,311,7,35,25,425,RH,SalVentAttnB,SalVentAttn,Medial,Anterior,Dorsal,Cingulum_Ant_R,dmPFC_R
311,311,312,7,19,35,553,RH,SalVentAttnB,SalVentAttn,Medial,Anterior,Dorsal,Cingulum_Mid_R,Cingulum_Mid_R
312,312,313,13,23,-20,319,RH,Limbic,SalVentAttn,Medial,Anterior,Ventral,Frontal_Sup_Orb_R,Frontal_Sup_Orb_R
313,313,314,23,22,-20,370,RH,Limbic,SalVentAttn,Lateral_RH,Anterior,Ventral,Frontal_Inf_Orb_R,Frontal_Inf_Orb_R
314,314,315,8,47,-23,380,RH,Limbic,SalVentAttn,Medial,Anterior,Ventral,Rectus_R,Rectus_R
315,315,316,20,43,-18,229,RH,Limbic,SalVentAttn,Lateral_RH,Anterior,Ventral,Frontal_Mid_Orb_R,Frontal_Mid_Orb_R
316,316,317,5,22,-21,309,RH,Limbic,SalVentAttn,Medial,Anterior,Ventral,Rectus_R,Rectus_R
317,317,318,9,63,-14,348,RH,Limbic,SalVentAttn,Medial,Anterior,Ventral,Frontal_Med_Orb_R,Frontal_Med_Orb_R
318,318,319,28,-1,-40,696,RH,Limbic,Limbic,Lateral_RH,Posterior,Ventral,Fusiform_R,Fusiform_R
319,319,320,49,-7,-39,591,RH,Limbic,Limbic,Lateral_RH,Posterior,Ventral,Temporal_Inf_R,Temporal_Inf_R
320,320,321,37,17,-37,387,RH,Limbic,Limbic,Lateral_RH,Anterior,Ventral,Temporal_Pole_Mid_R,Temporal_Pole_Mid_R
321,321,322,39,-15,-31,481,RH,Limbic,Limbic,Lateral_RH,Posterior,Ventral,Fusiform_R,Fusiform_R
322,322,323,29,12,-30,471,RH,Limbic,Limbic,Lateral_RH,Anterior,Ventral,ParaHippocampal_R,ParaHippocampal_R
323,323,324,50,-28,-26,434,RH,Limbic,Limbic,Lateral_RH,Posterior,Ventral,Temporal_Inf_R,Temporal_Inf_R
324,324,325,35,-71,47,274,RH,ContA,Limbic,Lateral_RH,Posterior,Dorsal,Angular_R,Angular_R
325,325,326,54,-33,51,172,RH,ContA,Limbic,Lateral_RH,Posterior,Dorsal,Parietal_Inf_R,Parietal_Inf_R
326,326,327,47,-44,46,154,RH,ContA,Limbic,Lateral_RH,Posterior,Dorsal,Parietal_Inf_R,Parietal_Inf_R
327,327,328,36,-45,45,300,RH,ContA,Limbic,Lateral_RH,Posterior,Dorsal,Parietal_Inf_R,Parietal_Inf_R
328,328,329,24,10,58,444,RH,ContA,Limbic,Lateral_RH,Anterior,Dorsal,Frontal_Sup_R,Frontal_Sup_R
329,329,330,49,30,18,302,RH,ContA,Limbic,Lateral_RH,Anterior,Dorsal,Frontal_Inf_Tri_R,Frontal_Inf_Tri_R
330,330,331,48,18,24,296,RH,ContA,Limbic,Lateral_RH,Anterior,Dorsal,Frontal_Inf_Tri_R,Frontal_Inf_Tri_R
331,331,332,47,29,28,387,RH,ContA,Cont,Lateral_RH,Anterior,Dorsal,Frontal_Inf_Tri_R,Frontal_Inf_Tri_R
332,332,333,49,8,25,382,RH,ContA,Cont,Lateral_RH,Anterior,Dorsal,Frontal_Inf_Oper_R,Frontal_Inf_Oper_R
333,333,334,39,11,34,336,RH,ContA,Cont,Lateral_RH,Anterior,Dorsal,Frontal_Inf_Oper_R,Frontal_Inf_Oper_R
334,334,335,5,1,30,131,RH,ContA,Cont,Medial,Anterior,Dorsal,Cingulum_Mid_R,Cingulum_Mid_R
335,335,336,62,-29,-20,564,RH,ContB,Cont,Lateral_RH,Posterior,Ventral,Temporal_Inf_R,Temporal_Inf_R
336,336,337,63,-42,-11,452,RH,ContB,Cont,Lateral_RH,Posterior,Ventral,Temporal_Inf_R,Temporal_Inf_R
337,337,338,56,-45,32,238,RH,ContB,Cont,Lateral_RH,Posterior,Dorsal,SupraMarginal_R,SupraMarginal_R
338,338,339,55,-53,45,431,RH,ContB,Cont,Lateral_RH,Posterior,Dorsal,Parietal_Inf_R,Parietal_Inf_R
339,339,340,56,-41,47,249,RH,ContB,Cont,Lateral_RH,Posterior,Dorsal,Parietal_Inf_R,Parietal_Inf_R
340,340,341,41,-55,49,355,RH,ContB,Cont,Lateral_RH,Posterior,Dorsal,Parietal_Inf_R,Parietal_Inf_R
341,341,342,39,33,38,383,RH,ContB,Cont,Lateral_RH,Anterior,Dorsal,Frontal_Mid_R,Frontal_Mid_R
342,342,343,45,19,43,521,RH,ContB,Cont,Lateral_RH,Anterior,Dorsal,Frontal_Mid_R,Frontal_Mid_R
343,343,344,43,6,50,285,RH,ContB,Cont,Lateral_RH,Anterior,Dorsal,Precentral_R,Precentral_R
344,344,345,34,16,55,535,RH,ContB,Cont,Lateral_RH,Anterior,Dorsal,Frontal_Mid_R,Frontal_Mid_R
345,345,346,35,38,-14,288,RH,ContB,Cont,Lateral_RH,Anterior,Ventral,Frontal_Mid_Orb_R,Frontal_Mid_Orb_R
346,346,347,28,55,-13,407,RH,ContB,Cont,Lateral_RH,Anterior,Ventral,Frontal_Mid_Orb_R,Frontal_Mid_Orb_R
347,347,348,42,51,-6,507,RH,ContB,Cont,Lateral_RH,Anterior,Ventral,Frontal_Mid_Orb_R,Frontal_Mid_Orb_R
348,348,349,27,59,3,898,RH,ContB,Cont,Lateral_RH,Anterior,Dorsal,Frontal_Sup_R,Frontal_Sup_R
349,349,350,5,28,48,332,RH,ContB,Cont,Medial,Anterior,Dorsal,Frontal_Sup_Medial_R,Frontal_Sup_Medial_R
350,350,351,17,-63,28,158,RH,ContC,Cont,Medial,Posterior,Dorsal,Precuneus_R,Precuneus_R
351,351,352,13,-72,39,313,RH,ContC,Cont,Medial,Posterior,Dorsal,Precuneus_R,Precuneus_R
352,352,353,6,-64,44,213,RH,ContC,Cont,Medial,Posterior,Dorsal,Precuneus_R,Precuneus_R
353,353,354,7,-50,44,241,RH,ContC,Cont,Medial,Posterior,Dorsal,Precuneus_R,Precuneus_R
354,354,355,8,-71,52,282,RH,ContC,Cont,Medial,Posterior,Dorsal,Precuneus_R,Precuneus_R
355,355,356,7,-44,20,56,RH,ContC,Cont,Medial,Posterior,Dorsal,Cingulum_Post_R,PCC_R
356,356,357,6,-26,28,146,RH,ContC,Cont,Medial,Posterior,Dorsal,Cingulum_Mid_R,Uncertain
357,357,358,60,-8,-23,572,RH,DefaultA,Cont,Lateral_RH,Posterior,Ventral,Temporal_Mid_R,Temporal_Mid_R
358,358,359,53,-53,26,462,RH,DefaultA,Cont,Lateral_RH,Posterior,Dorsal,Angular_R,TPJ_R
359,359,360,48,-64,42,442,RH,DefaultA,Cont,Lateral_RH,Posterior,Dorsal,Angular_R,Angular_R
360,360,361,26,35,39,409,RH,DefaultA,Cont,Lateral_RH,Anterior,Dorsal,Frontal_Mid_R,Frontal_Mid_R
361,361,362,24,26,51,388,RH,DefaultA,Default,Lateral_RH,Anterior,Dorsal,Frontal_Sup_R,Frontal_Sup_R
362,362,363,6,-52,23,266,RH,DefaultA,Default,Medial,Posterior,Dorsal,Precuneus_R,PCC_R
363,363,364,5,-63,31,172,RH,DefaultA,Default,Medial,Posterior,Dorsal,Precuneus_R,Precuneus_R
364,364,365,7,-39,35,347,RH,DefaultA,Default,Medial,Posterior,Dorsal,Cingulum_Mid_R,Cingulum_Mid_R
365,365,366,4,-20,37,272,RH,DefaultA,Default,Medial,Posterior,Dorsal,Cingulum_Mid_R,Cingulum_Mid_R
366,366,367,10,-53,35,168,RH,DefaultA,Default,Medial,Posterior,Dorsal,Precuneus_R,PCC_R
367,367,368,5,40,-10,654,RH,DefaultA,Default,Medial,Anterior,Ventral,Frontal_Med_Orb_R,vmPFC_R
368,368,369,9,67,1,337,RH,DefaultA,Default,Medial,Anterior,Dorsal,Frontal_Sup_Medial_R,Frontal_Sup_Medial_R
369,369,370,8,42,4,504,RH,DefaultA,Default,Medial,Anterior,Dorsal,Cingulum_Ant_R,Cingulum_Ant_R
370,370,371,7,54,13,578,RH,DefaultA,Default,Medial,Anterior,Dorsal,Frontal_Sup_Medial_R,dmPFC_R
371,371,372,18,65,16,388,RH,DefaultA,Default,Medial,Anterior,Dorsal,Frontal_Sup_R,dmPFC_R
372,372,373,6,25,18,156,RH,DefaultA,Default,Medial,Anterior,Dorsal,Cingulum_Ant_R,Cingulum_Ant_R
373,373,374,63,-23,-7,335,RH,DefaultB,Default,Lateral_RH,Posterior,Ventral,Temporal_Mid_R,Temporal_Mid_R
374,374,375,63,-38,0,198,RH,DefaultB,Default,Lateral_RH,Posterior,Ventral,Temporal_Mid_R,Temporal_Mid_R
375,375,376,49,9,-33,568,RH,DefaultB,Default,Lateral_RH,Anterior,Ventral,Temporal_Pole_Mid_R,Temporal_Pole_Mid_R
376,376,377,6,58,29,301,RH,DefaultB,Default,Medial,Anterior,Dorsal,Frontal_Sup_Medial_R,dmPFC_R
377,377,378,16,53,36,373,RH,DefaultB,Default,Medial,Anterior,Dorsal,Frontal_Sup_R,Frontal_Sup_R
378,378,379,5,45,40,287,RH,DefaultB,Default,Medial,Anterior,Dorsal,Frontal_Sup_Medial_R,dmPFC_R
379,379,380,14,39,52,446,RH,DefaultB,Default,Medial,Anterior,Dorsal,Frontal_Sup_R,Frontal_Sup_R
380,380,381,12,20,63,410,RH,DefaultB,Default,Medial,Anterior,Dorsal,Supp_Motor_Area_R,Supp_Motor_Area_R
381,381,382,35,23,-17,356,RH,DefaultB,Default,Lateral_RH,Anterior,Ventral,Insula_R,Insula_R
382,382,383,48,32,-8,484,RH,DefaultB,Default,Lateral_RH,Anterior,Ventral,Frontal_Inf_Orb_R,Frontal_Inf_Orb_R
383,383,384,53,24,6,518,RH,DefaultB,Default,Lateral_RH,Anterior,Dorsal,Frontal_Inf_Tri_R,Frontal_Inf_Tri_R
384,384,385,48,-64,22,467,RH,DefaultC,Default,Lateral_RH,Posterior,Dorsal,Temporal_Mid_R,Temporal_Mid_R
385,385,386,45,-75,31,410,RH,DefaultC,Default,Lateral_RH,Posterior,Dorsal,Occipital_Mid_R,Occipital_Mid_R
386,386,387,15,-47,4,127,RH,DefaultC,Default,Medial,Posterior,Dorsal,Lingual_R,Lingual_R
387,387,388,13,-55,16,396,RH,DefaultC,Default,Medial,Posterior,Dorsal,Precuneus_R,PCC_R
388,388,389,22,-18,-27,279,RH,DefaultC,Default,Lateral_RH,Posterior,Ventral,ParaHippocampal_R,ParaHippocampal_R
389,389,390,31,-31,-18,348,RH,DefaultC,Default,Lateral_RH,Posterior,Ventral,ParaHippocampal_R,ParaHippocampal_R
390,390,391,48,16,-20,376,RH,TempPar,Default,Lateral_RH,Anterior,Ventral,Temporal_Pole_Sup_R,Temporal_Pole_Sup_R
391,391,392,55,-4,-14,585,RH,TempPar,Default,Lateral_RH,Posterior,Ventral,Temporal_Sup_R,Temporal_Sup_R
392,392,393,49,-20,-7,157,RH,TempPar,Default,Lateral_RH,Posterior,Ventral,Temporal_Mid_R,Temporal_Mid_R
393,393,394,62,-19,0,400,RH,TempPar,Default,Lateral_RH,Posterior,Ventral,Temporal_Sup_R,Temporal_Sup_R
394,394,395,50,-33,1,300,RH,TempPar,Default,Lateral_RH,Posterior,Dorsal,Temporal_Mid_R,TPJ_R
395,395,396,59,-46,7,258,RH,TempPar,Default,Lateral_RH,Posterior,Dorsal,Temporal_Mid_R,TPJ_R
396,396,397,52,-41,12,185,RH,TempPar,Default,Lateral_RH,Posterior,Dorsal,Temporal_Sup_R,TPJ_R
397,397,398,64,-34,11,244,RH,TempPar,Default,Lateral_RH,Posterior,Dorsal,Temporal_Sup_R,TPJ_R
398,398,399,55,-46,20,197,RH,TempPar,Default,Lateral_RH,Posterior,Dorsal,Temporal_Sup_R,TPJ_R
399,399,400,61,-40,22,180,RH,TempPar,Default,Lateral_RH,Posterior,Dorsal,Temporal_Sup_R,TPJ_R
400,400,1001,-9,-19,5,1469,Uncertain,Subcortical,Subcortical,Medial,Posterior,Dorsal,Thalamus_L,Thalamus_L
401,401,1002,-13,10,9,487,Uncertain,Subcortical,Subcortical,Medial,Anterior,Dorsal,Caudate_L,Caudate_L
402,402,1003,-24,-22,-14,746,Uncertain,Hippocampus,Hippocampus,Lateral_LH,Posterior,Ventral,Hippocampus_L,Hippocampus_L
403,403,1004,-22,-5,-18,330,Uncertain,Subcortical,Subcortical,Lateral_LH,Posterior,Ventral,Amygdala_L,Amygdala_L
404,404,1005,-10,11,-7,87,Uncertain,Subcortical,Subcortical,Medial,Anterior,Ventral,Ventral_Striatum_L,Ventral_Striatum_L
405,405,1006,11,-18,6,1400,Uncertain,Subcortical,Subcortical,Medial,Posterior,Dorsal,Thalamus_R,Thalamus_R
406,406,1007,13,10,10,511,Uncertain,Subcortical,Subcortical,Medial,Anterior,Dorsal,Caudate_R,Caudate_R
407,407,1008,26,-20,-15,751,Uncertain,Hippocampus,Hippocampus,Lateral_RH,Posterior,Ventral,Hippocampus_R,Hippocampus_R
408,408,1009,21,-4,-18,401,Uncertain,Subcortical,Subcortical,Lateral_RH,Posterior,Ventral,Amygdala_R,Amygdala_R
409,409,1010,10,12,-7,83,Uncertain,Subcortical,Subcortical,Medial,Anterior,Ventral,Ventral_Striatum_R,Ventral_Striatum_R
